\N,1,Aravind,A,1880-05-24,Austria,M
\N,3,BalaChandar,B,1880-05-25,Benin,M
\N,4,Charan,C,1880-05-26,India,M
\N,5,Dakshi,D,1880-05-27,Denmark,F
\N,6,Esha,E,1880-05-28,China,F
\N,7,Fateen,F,1880-05-29,Figi,F
\N,8,Gowri,G,1880-05-30,Greece,F
\N,9,Hari,H,1880-05-31,India,M
\N,1,Ishant,I,1880-06-01,Iran,M
\N,3,Jasmine,J,1880-06-02,Denmark,F
\N,4,Kalyani,K,1880-06-03,Kenya,M
\N,5,Lucky,L,1880-06-04,Liberia,F
\N,6,Mounica,M,1880-06-05,Maldives,F
\N,7,Nag,N,1880-06-06,Nepal,M
\N,8,Omkar,O,1880-06-07,Peru,M
\N,9,Pavani,P,1880-06-08,India,F
\N,1,Qasim,Q,1880-06-09,Russia,M
\N,3,Raghu,R,1880-06-10,Spain,M
\N,4,Surya,S,1880-06-11,Thailand,M
\N,5,Tarun,T,1880-06-12,India,M
\N,6,Umesh,U,1880-06-13,US,M
\N,7,Vasanth,V,1880-06-14,Spain,M
\N,8,Wakar,W,1880-06-15,US,M
\N,9,Yadav,Y,1880-06-16,India,M